{"train_losses": [13.896493526015119, 13.394899441656653, 13.05030456468944, 12.635636610044644, 12.163965486553405, 11.73335769426182, 11.382111615821337, 11.409580177246525, 11.570081506873029, 12.165938095551693, 10.81204184825252, 11.075150952376918, 10.409143302327182, 9.46147855790752, 9.284121759929205, 8.59395057447613, 8.115376940144262, 7.675803596796416, 9.019386940390923, 10.300237446949371], "test_losses": [15.733305931091309, 14.700044631958008, 15.233818054199219, 15.786256790161133, 15.939657211303711, 16.76575469970703, 16.7585391998291, 16.4361572265625, 20.612241744995117, 17.300928115844727, 16.594738006591797, 16.68630599975586, 15.525379180908203, 16.66277313232422, 17.840126037597656, 19.272279739379883, 19.779571533203125, 18.53188133239746, 18.37382698059082, 25.779504776000977], "best_test_loss": 14.700044631958008, "used_classes": [0, 1, 2, 4, 5, 6, 7, 9, 10, 12, 13, 14, 17, 18, 19, 20, 22, 25, 26, 27, 28, 29, 30, 32, 33, 34]}